2025-10-09 09:49:23,Ngáp và buồn ngủ
2025-10-09 09:50:22,Ngáp và buồn ngủ
2025-11-15 21:17:05,Không phát hiện khuôn mặt
2025-11-15 21:17:10,Không phát hiện khuôn mặt
2025-11-15 21:17:15,Không phát hiện khuôn mặt
2025-11-15 21:17:21,Không phát hiện khuôn mặt
2025-11-15 21:17:26,Không phát hiện khuôn mặt
2025-11-15 21:17:32,Không phát hiện khuôn mặt
2025-11-15 21:17:56,Không phát hiện khuôn mặt
2025-11-15 21:18:01,Không phát hiện khuôn mặt
2025-11-15 21:18:07,Không phát hiện khuôn mặt
2025-11-15 21:18:12,Không phát hiện khuôn mặt
2025-11-15 21:18:18,Không phát hiện khuôn mặt
2025-11-15 21:23:50,Không phát hiện khuôn mặt
